<?xml version="1.0" encoding="UTF-8"?>
<root>
  <item name="com.squareup.sqlbrite2.BriteDatabase int update(java.lang.String, android.content.ContentValues, int, java.lang.String, java.lang.String...) 2">
    <annotation name="android.support.annotation.IntDef">
      <val name="value" val="{android.database.sqlite.SQLiteDatabase.CONFLICT_ABORT, android.database.sqlite.SQLiteDatabase.CONFLICT_FAIL, android.database.sqlite.SQLiteDatabase.CONFLICT_IGNORE, android.database.sqlite.SQLiteDatabase.CONFLICT_NONE, android.database.sqlite.SQLiteDatabase.CONFLICT_REPLACE, android.database.sqlite.SQLiteDatabase.CONFLICT_ROLLBACK}" />
    </annotation>
  </item>
  <item name="com.squareup.sqlbrite2.BriteDatabase java.lang.String conflictString(int) 0">
    <annotation name="android.support.annotation.IntDef">
      <val name="value" val="{android.database.sqlite.SQLiteDatabase.CONFLICT_ABORT, android.database.sqlite.SQLiteDatabase.CONFLICT_FAIL, android.database.sqlite.SQLiteDatabase.CONFLICT_IGNORE, android.database.sqlite.SQLiteDatabase.CONFLICT_NONE, android.database.sqlite.SQLiteDatabase.CONFLICT_REPLACE, android.database.sqlite.SQLiteDatabase.CONFLICT_ROLLBACK}" />
    </annotation>
  </item>
  <item name="com.squareup.sqlbrite2.BriteDatabase long insert(java.lang.String, android.content.ContentValues, int) 2">
    <annotation name="android.support.annotation.IntDef">
      <val name="value" val="{android.database.sqlite.SQLiteDatabase.CONFLICT_ABORT, android.database.sqlite.SQLiteDatabase.CONFLICT_FAIL, android.database.sqlite.SQLiteDatabase.CONFLICT_IGNORE, android.database.sqlite.SQLiteDatabase.CONFLICT_NONE, android.database.sqlite.SQLiteDatabase.CONFLICT_REPLACE, android.database.sqlite.SQLiteDatabase.CONFLICT_ROLLBACK}" />
    </annotation>
  </item>
  <item name="com.squareup.sqlbrite2.BriteDatabase.ConflictAlgorithm">
    <annotation name="android.support.annotation.IntDef">
      <val name="value" val="{android.database.sqlite.SQLiteDatabase.CONFLICT_ABORT, android.database.sqlite.SQLiteDatabase.CONFLICT_FAIL, android.database.sqlite.SQLiteDatabase.CONFLICT_IGNORE, android.database.sqlite.SQLiteDatabase.CONFLICT_NONE, android.database.sqlite.SQLiteDatabase.CONFLICT_REPLACE, android.database.sqlite.SQLiteDatabase.CONFLICT_ROLLBACK}" />
    </annotation>
  </item>
</root>

